1.999999955296516418e-02,-1.999999955296516418e-02,1.999999955296516418e-02,1.999999955296516418e-02,1.999999955296516418e-02,1.999999955296516418e-02
3.999999910593032837e-02,-3.999999910593032837e-02,3.999999910593032837e-02,3.999999910593032837e-02,3.999999910593032837e-02,3.999999910593032837e-02
5.999999865889549255e-02,-5.999999865889549255e-02,5.999999865889549255e-02,5.999999865889549255e-02,5.999999865889549255e-02,5.999999865889549255e-02
7.999999821186065674e-02,-7.999999821186065674e-02,7.999999821186065674e-02,7.999999821186065674e-02,7.999999821186065674e-02,7.999999821186065674e-02
1.000000014901161194e-01,-5.999999865889549255e-02,1.000000014901161194e-01,5.999999865889549255e-02,1.000000014901161194e-01,1.000000014901161194e-01
1.199999973177909851e-01,-3.999999910593032837e-02,1.199999973177909851e-01,3.999999910593032837e-02,1.199999973177909851e-01,1.199999973177909851e-01
1.400000005960464478e-01,-1.999999955296516418e-02,1.400000005960464478e-01,1.999999955296516418e-02,1.400000005960464478e-01,1.400000005960464478e-01
1.599999964237213135e-01,0.000000000000000000e+00,1.599999964237213135e-01,0.000000000000000000e+00,1.599999964237213135e-01,1.599999964237213135e-01
1.800000071525573730e-01,1.999999955296516418e-02,1.800000071525573730e-01,-1.999999955296516418e-02,1.800000071525573730e-01,1.800000071525573730e-01
1.599999964237213135e-01,3.999999910593032837e-02,2.000000029802322388e-01,-3.999999910593032837e-02,2.000000029802322388e-01,2.000000029802322388e-01
1.400000005960464478e-01,5.999999865889549255e-02,2.199999988079071045e-01,-5.999999865889549255e-02,2.199999988079071045e-01,2.199999988079071045e-01
1.199999973177909851e-01,7.999999821186065674e-02,2.399999946355819702e-01,-7.999999821186065674e-02,2.399999946355819702e-01,2.399999946355819702e-01
1.000000014901161194e-01,1.000000014901161194e-01,2.599999904632568359e-01,-1.000000014901161194e-01,2.599999904632568359e-01,2.599999904632568359e-01
7.999999821186065674e-02,1.199999973177909851e-01,2.800000011920928955e-01,-1.199999973177909851e-01,2.800000011920928955e-01,2.399999946355819702e-01
1.000000014901161194e-01,1.400000005960464478e-01,3.000000119209289551e-01,-1.400000005960464478e-01,3.000000119209289551e-01,2.199999988079071045e-01
1.199999973177909851e-01,1.599999964237213135e-01,3.199999928474426270e-01,-1.599999964237213135e-01,2.800000011920928955e-01,2.000000029802322388e-01
1.400000005960464478e-01,1.800000071525573730e-01,3.400000035762786865e-01,-1.800000071525573730e-01,2.599999904632568359e-01,1.800000071525573730e-01
1.599999964237213135e-01,2.000000029802322388e-01,3.600000143051147461e-01,-1.599999964237213135e-01,2.399999946355819702e-01,1.599999964237213135e-01
1.800000071525573730e-01,2.199999988079071045e-01,3.799999952316284180e-01,-1.400000005960464478e-01,2.199999988079071045e-01,1.400000005960464478e-01
2.000000029802322388e-01,2.399999946355819702e-01,4.000000059604644775e-01,-1.199999973177909851e-01,2.000000029802322388e-01,1.199999973177909851e-01
1.849853098392486572e-01,2.599999904632568359e-01,4.199999868869781494e-01,-1.000000014901161194e-01,1.800000071525573730e-01,1.000000014901161194e-01
1.649853140115737915e-01,2.800000011920928955e-01,4.399999976158142090e-01,-7.999999821186065674e-02,1.599999964237213135e-01,7.999999821186065674e-02
1.535176485776901245e-01,3.000000119209289551e-01,4.600000083446502686e-01,-5.999999865889549255e-02,1.400000005960464478e-01,5.999999865889549255e-02
1.735176593065261841e-01,3.199999928474426270e-01,4.799999892711639404e-01,-3.999999910593032837e-02,1.199999973177909851e-01,3.999999910593032837e-02
1.935176551342010498e-01,3.400000035762786865e-01,5.000000000000000000e-01,-1.999999955296516418e-02,1.000000014901161194e-01,1.999999955296516418e-02
1.975176483392715454e-01,3.600000143051147461e-01,5.199999809265136719e-01,0.000000000000000000e+00,7.999999821186065674e-02,-2.775557561562891351e-17
1.855176538228988647e-01,3.799999952316284180e-01,5.400000214576721191e-01,1.999999955296516418e-02,5.999999865889549255e-02,-1.999999955296516418e-02
1.815176457166671753e-01,4.000000059604644775e-01,5.600000023841857910e-01,3.999999910593032837e-02,3.999999910593032837e-02,-3.999999910593032837e-02
1.615176498889923096e-01,4.199999868869781494e-01,5.799999833106994629e-01,5.999999865889549255e-02,1.999999955296516418e-02,-5.999999865889549255e-02
1.495176553726196289e-01,4.000000059604644775e-01,6.000000238418579102e-01,7.999999821186065674e-02,-2.775557561562891351e-17,-7.999999821186065674e-02
1.295176595449447632e-01,3.799999952316284180e-01,6.200000047683715820e-01,1.000000014901161194e-01,-1.999999955296516418e-02,-1.000000014901161194e-01
1.495176553726196289e-01,3.600000143051147461e-01,6.399999856948852539e-01,7.999999821186065674e-02,-3.999999910593032837e-02,-1.199999973177909851e-01
1.695176512002944946e-01,3.400000035762786865e-01,6.600000262260437012e-01,5.999999865889549255e-02,-5.999999865889549255e-02,-1.400000005960464478e-01
1.895176470279693604e-01,3.199999928474426270e-01,6.800000071525573730e-01,3.999999910593032837e-02,-7.999999821186065674e-02,-1.599999964237213135e-01
2.095176577568054199e-01,3.000000119209289551e-01,6.999999880790710449e-01,4.399999976158142090e-02,-1.000000014901161194e-01,-1.800000071525573730e-01
2.295176535844802856e-01,2.800000011920928955e-01,7.200000286102294922e-01,4.800000041723251343e-02,-7.999999821186065674e-02,-2.000000029802322388e-01
2.495176494121551514e-01,2.599999904632568359e-01,7.400000095367431641e-01,2.800000086426734924e-02,-5.999999865889549255e-02,-2.199999988079071045e-01
2.695176601409912109e-01,2.399999946355819702e-01,7.200000286102294922e-01,8.000000379979610443e-03,-3.999999910593032837e-02,-2.399999946355819702e-01
2.895176410675048828e-01,2.199999988079071045e-01,6.999999880790710449e-01,-1.200000010430812836e-02,-1.999999955296516418e-02,-2.599999904632568359e-01
3.095176517963409424e-01,2.000000029802322388e-01,6.800000071525573730e-01,-3.200000151991844177e-02,-2.775557561562891351e-17,-2.399999946355819702e-01
2.895176410675048828e-01,1.800000071525573730e-01,6.600000262260437012e-01,-5.200000107288360596e-02,1.999999955296516418e-02,-2.199999988079071045e-01
2.695176601409912109e-01,1.599999964237213135e-01,6.399999856948852539e-01,-5.976498872041702271e-02,3.999999910593032837e-02,-2.000000029802322388e-01
2.495176494121551514e-01,1.400000005960464478e-01,6.200000047683715820e-01,-5.127186700701713562e-02,5.999999865889549255e-02,-1.800000071525573730e-01
2.295176535844802856e-01,1.199999973177909851e-01,6.000000238418579102e-01,-4.327918216586112976e-02,6.120326370000839233e-02,-1.599999964237213135e-01
2.095176577568054199e-01,1.000000014901161194e-01,5.799999833106994629e-01,-3.610246628522872925e-02,5.604166537523269653e-02,-1.400000005960464478e-01
1.895176470279693604e-01,7.999999821186065674e-02,5.600000023841857910e-01,-2.949336357414722443e-02,5.108062177896499634e-02,-1.199999973177909851e-01
1.695176512002944946e-01,5.999999865889549255e-02,5.400000214576721191e-01,-2.339623682200908661e-02,4.631311073899269104e-02,-1.000000014901161194e-01
1.495176553726196289e-01,3.999999910593032837e-02,5.199999809265136719e-01,-1.775486208498477936e-02,4.173237085342407227e-02,-7.999999821186065674e-02
1.295176595449447632e-01,1.999999955296516418e-02,5.000000000000000000e-01,-8.731948211789131165e-03,3.734798356890678406e-02,-5.999999865889549255e-02
1.095176562666893005e-01,-2.775557561562891351e-17,4.799999892711639404e-01,-4.204246681183576584e-03,3.311963379383087158e-02,-3.999999910593032837e-02
8.951765298843383789e-02,-4.330452065914869308e-03,4.600000083446502686e-01,-3.485702327452600002e-04,2.923420816659927368e-02,-1.999999955296516418e-02
6.951764971017837524e-02,-4.581442568451166153e-03,4.399999976158142090e-01,2.974228700622916222e-03,2.563590370118618011e-02,-2.775557561562891351e-17
4.951765388250350952e-02,-4.866037983447313309e-03,4.199999868869781494e-01,7.986295968294143677e-03,2.220679447054862976e-02,3.332675260026007891e-05
2.951765246689319611e-02,-5.201882217079401016e-03,4.000000059604644775e-01,1.350664626806974411e-02,1.893028430640697479e-02,3.114777427981607616e-05
9.517652913928031921e-03,-5.573973059654235840e-03,3.799999952316284180e-01,1.857871189713478088e-02,1.579712145030498505e-02,2.917000892921350896e-05
-8.952174335718154907e-03,-5.974341649562120438e-03,3.600000143051147461e-01,2.313200943171977997e-02,1.280014682561159134e-02,2.738745206443127245e-05
-1.858318783342838287e-02,-6.384251639246940613e-03,3.400000035762786865e-01,2.498436160385608673e-02,9.923221543431282043e-03,2.549736382206901908e-05
-2.296002954244613647e-02,-6.801005452871322632e-03,3.199999928474426270e-01,2.454937435686588287e-02,7.164473645389080048e-03,2.325164132344070822e-05
-2.487869933247566223e-02,-7.228344213217496872e-03,3.000000119209289551e-01,2.313919551670551300e-02,4.523171577602624893e-03,2.094349656545091420e-05
-2.564880251884460449e-02,-7.666476070880889893e-03,2.800000011920928955e-01,2.138245292007923126e-02,1.996150007471442223e-03,1.871773747552651912e-05
-2.588280662894248962e-02,-8.114097639918327332e-03,2.599999904632568359e-01,1.956307329237461090e-02,-4.207536985632032156e-04,1.663186230871360749e-05
-2.586730197072029114e-02,-8.569466881453990936e-03,2.399999946355819702e-01,1.780464500188827515e-02,-2.732039196416735649e-03,1.470332881581271067e-05
-2.573649212718009949e-02,-9.030863642692565918e-03,2.199999988079071045e-01,1.615671627223491669e-02,-4.942243918776512146e-03,1.293178320338483900e-05
-2.555331028997898102e-02,-9.496762417256832123e-03,2.000000029802322388e-01,1.463500317186117172e-02,-7.055810652673244476e-03,1.130935379478614777e-05
-2.534732967615127563e-02,-9.965883567929267883e-03,1.800000071525573730e-01,1.324009615927934647e-02,-9.077029302716255188e-03,9.825382221606560051e-06
-2.513250522315502167e-02,-1.043719053268432617e-02,1.599999964237213135e-01,1.196614094078540802e-02,-1.101002003997564316e-02,8.468568921671248972e-06
-2.491546235978603363e-02,-1.090986654162406921e-02,1.400000005960464478e-01,1.080483011901378632e-02,-1.285872329026460648e-02,7.227909463836112991e-06
-2.469939365983009338e-02,-1.138328388333320618e-02,1.199999973177909851e-01,9.747224859893321991e-03,-1.462690532207489014e-02,6.093078809499274939e-06
-2.448586001992225647e-02,-1.185697503387928009e-02,1.000000014901161194e-01,8.784547448158264160e-03,-1.631816290318965912e-02,5.054555003880523145e-06
-2.427565678954124451e-02,-1.233060285449028015e-02,7.999999821186065674e-02,7.908518426120281219e-03,-1.793592795729637146e-02,4.103635092178592458e-06
-2.406920306384563446e-02,-1.280393823981285095e-02,5.999999865889549255e-02,7.111468818038702011e-03,-1.948347873985767365e-02,3.232397375541040674e-06
-2.386673539876937866e-02,-1.327683962881565094e-02,3.999999910593032837e-02,6.386362481862306595e-03,-2.096394076943397522e-02,2.433646386634791270e-06
-2.366839163005352020e-02,-1.374923344701528549e-02,1.999999955296516418e-02,5.726768169552087784e-03,-2.238030359148979187e-02,1.700852635622140951e-06
-2.347426116466522217e-02,-1.422109920531511307e-02,-8.326672684688674053e-17,5.126823205500841141e-03,-2.373541519045829773e-02,1.028094743560359348e-06
-2.328439615666866302e-02,-1.469245925545692444e-02,-1.999999955296516418e-02,4.581187851727008820e-03,-2.503199502825737000e-02,4.100018031749641523e-07
-2.800162322819232941e-02,-1.514495350420475006e-02,-3.999999910593032837e-02,3.250823356211185455e-03,-2.627193182706832886e-02,-8.043370485211198684e-07
-2.866511978209018707e-02,-1.563637331128120422e-02,-5.999999865889549255e-02,3.835032461211085320e-03,-2.745817974209785461e-02,-7.790607128299598116e-07
-2.872716076672077179e-02,-1.610769517719745636e-02,-7.999999821186065674e-02,3.608654951676726341e-03,-2.859379351139068604e-02,-1.195739855575084221e-06
-2.854376472532749176e-02,-1.657788828015327454e-02,-1.000000014901161194e-01,3.287673695012927055e-03,-2.968097478151321411e-02,-1.613659264876332600e-06
-2.825333923101425171e-02,-1.704768836498260498e-02,-1.199999973177909851e-01,2.946323947980999947e-03,-3.072166070342063904e-02,-2.012448703681002371e-06
-2.791882678866386414e-02,-1.751740090548992157e-02,-1.400000005960464478e-01,2.613561460748314857e-03,-3.171780332922935486e-02,-2.386634378126473166e-06
-2.756761200726032257e-02,-1.788825914263725281e-02,-1.535238474607467651e-01,2.306059468537569046e-03,-3.242631256580352783e-02,-2.701339553823345341e-06
-2.716044336557388306e-02,-1.645570807158946991e-02,-1.418401151895523071e-01,2.103463048115372658e-03,-2.997293323278427124e-02,-2.538223725423449650e-06
-2.669962681829929352e-02,-1.455839816480875015e-02,-1.280758380889892578e-01,1.919945934787392616e-03,-2.706284448504447937e-02,-2.287337792949983850e-06
-2.621983923017978668e-02,-1.283323857933282852e-02,-1.154489889740943909e-01,1.742557389661669731e-03,-2.439262717962265015e-02,-2.057523033727193251e-06
-2.573653683066368103e-02,-1.130779553204774857e-02,-1.040534228086471558e-01,1.576671027578413486e-03,-2.198300510644912720e-02,-1.851594561230740510e-06
-2.525653876364231110e-02,-9.962121956050395966e-03,-9.378188103437423706e-02,1.424150657840073109e-03,-1.981128938496112823e-02,-1.666840603320451919e-06
-2.478118054568767548e-02,-8.775424212217330933e-03,-8.452437818050384521e-02,1.286277431063354015e-03,-1.785416528582572937e-02,-1.500580765423364937e-06
-2.431352622807025909e-02,-7.729068398475646973e-03,-7.618086040019989014e-02,1.159259001724421978e-03,-1.609044522047042847e-02,-1.351392029391718097e-06
-2.385499887168407440e-02,-6.806597113609313965e-03,-6.866107881069183350e-02,1.044436823576688766e-03,-1.450099889189004898e-02,-1.217163116962183267e-06
-2.340523339807987213e-02,-5.993450991809368134e-03,-6.188369914889335632e-02,9.407036704942584038e-04,-1.306860148906707764e-02,-1.096315600079833530e-06
-2.296398580074310303e-02,-5.276767536997795105e-03,-5.577540770173072815e-02,8.469609310850501060e-04,-1.177773065865039825e-02,-9.875222986011067405e-07
-2.253106422722339630e-02,-4.645183682441711426e-03,-5.027014762163162231e-02,7.622374687343835831e-04,-1.061439793556928635e-02,-8.895838732314587105e-07
-2.210630476474761963e-02,-4.088664427399635315e-03,-4.530837014317512512e-02,6.856658146716654301e-04,-9.565997868776321411e-03,-8.014179115889419336e-07
-2.168955840170383453e-02,-3.598349168896675110e-03,-4.083641618490219116e-02,6.164658116176724434e-04,-8.621172979474067688e-03,-7.220489237624860834e-07
-2.128067798912525177e-02,-3.166415262967348099e-03,-3.680592030286788940e-02,5.539337289519608021e-04,-7.769687566906213760e-03,-6.505982241833407898e-07
-2.087952196598052979e-02,-2.785958116874098778e-03,-3.317329660058021545e-02,4.974335315637290478e-04,-7.002317812293767929e-03,-5.862748366780579090e-07
-2.048595063388347626e-02,-2.450883155688643456e-03,-2.989926189184188843e-02,4.463899531401693821e-04,-6.310752592980861664e-03,-5.283666268951492384e-07
-2.009982801973819733e-02,-2.155812922865152359e-03,-2.694841101765632629e-02,4.002825589850544930e-04,-5.687501281499862671e-03,-4.762326568652497372e-07
-1.972101442515850067e-02,-1.896003028377890587e-03,-2.428883872926235199e-02,3.586403618101030588e-04,-5.125814117491245270e-03,-4.292960227303410647e-07
-1.934937760233879089e-02,-1.667267642915248871e-03,-2.189178392291069031e-02,3.210370778106153011e-04,-4.619608633220195770e-03,-3.870375167025486007e-07
-1.898478157818317413e-02,-1.465914887376129627e-03,-1.973133347928524017e-02,2.870869357138872147e-04,-4.163402598351240158e-03,-3.489898006137082120e-07
-1.862709783017635345e-02,-1.288688508793711662e-03,-1.778412610292434692e-02,2.564408059697598219e-04,-3.752257209271192551e-03,-3.147322331642499194e-07
-1.827619597315788269e-02,-1.132717123255133629e-03,-1.602911017835140228e-02,2.287827373947948217e-04,-3.381720511242747307e-03,-2.838862656062701717e-07
-1.793194934725761414e-02,-9.954689303413033485e-04,-1.444731466472148895e-02,2.038268285105004907e-04,-3.047780599445104599e-03,-2.561111500654078554e-07
-1.759423129260540009e-02,-8.747118408791720867e-04,-1.302163861691951752e-02,1.813143462641164660e-04,-2.746822312474250793e-03,-2.311001878751994809e-07
-1.726291701197624207e-02,-7.684782030992209911e-04,-1.173667050898075104e-02,1.610111939953640103e-04,-2.475587418302893639e-03,-2.085773900262211100e-07
-1.693788915872573853e-02,-6.750336033292114735e-04,-1.057852059602737427e-02,1.427055394742637873e-04,-2.231140155345201492e-03,-1.882942939346321509e-07
-1.661902479827404022e-02,-5.928495083935558796e-04,-9.534670971333980560e-03,1.262057194253429770e-04,-2.010834403336048126e-03,-1.700272775906341849e-07
-1.630620658397674561e-02,-5.205788766033947468e-04,-8.593838661909103394e-03,1.113383550546132028e-04,-1.812285277992486954e-03,-1.535750726588958059e-07
-1.599932089447975159e-02,-4.570348246488720179e-04,-7.745855953544378281e-03,9.794655488803982735e-05,-1.633344101719558239e-03,-1.387565475852170493e-07
-1.569825597107410431e-02,-4.011716810055077076e-04,-6.981557235121726990e-03,8.588840864831581712e-05,-1.472073956392705441e-03,-1.254086186008862569e-07
-1.540289632976055145e-02,-3.520681639201939106e-04,-6.292683538049459457e-03,7.503553206333890557e-05,-1.326729543507099152e-03,-1.133845444201142527e-07
-1.511313673108816147e-02,-3.089128877036273479e-04,-5.671789404004812241e-03,6.527179357362911105e-05,-1.195737975649535656e-03,-1.025522209374685190e-07
-1.482886821031570435e-02,-2.709911204874515533e-04,-5.112166516482830048e-03,5.649216109304688871e-05,-1.077681663446128368e-03,-9.279274593154696049e-08
-1.454998645931482315e-02,-2.376734919380396605e-04,-4.607766401022672653e-03,4.860161425312981009e-05,-9.712830069474875927e-04,-8.399910456091674860e-08
-1.427638810127973557e-02,-2.084057632600888610e-04,-4.153139889240264893e-03,4.151422035647556186e-05,-8.753907168284058571e-04,-7.607496854689088650e-08
-1.400797162204980850e-02,-1.826999505283311009e-04,-3.743374021723866463e-03,3.515226489980705082e-05,-7.889672415331006050e-04,-6.893363035942456918e-08
-1.374463830143213272e-02,-1.601264521013945341e-04,-3.374041523784399033e-03,2.944546758953947574e-05,-7.110774749889969826e-04,-6.249703687899454962e-08
-1.348629128187894821e-02,-1.403071219101548195e-04,-3.041152609512209892e-03,2.433026202197652310e-05,-6.408785702660679817e-04,-5.669495095617094194e-08
-1.323283370584249496e-02,-1.229091139975935221e-04,-2.741110278293490410e-03,1.974917904590256512e-05,-5.776110338047146797e-04,-5.146413784018477600e-08
-1.298417244106531143e-02,-1.076394837582483888e-04,-2.470673061907291412e-03,1.565024831506889313e-05,-5.205904599279165268e-04,-4.674767950518798898e-08
-1.274021621793508530e-02,-9.424048766959458590e-05,-2.226919634267687798e-03,1.198647987621370703e-05,-4.691999056376516819e-04,-4.249433516179124126e-08
-1.250087469816207886e-02,-8.248531230492517352e-05,-2.007216680794954300e-03,8.715393960301298648e-06,-4.228834004607051611e-04,-3.865800479729841754e-08
-1.226605940610170364e-02,-7.217445090645924211e-05,-1.809191075153648853e-03,5.798581241833744571e-06,-3.811399219557642937e-04,-3.519716074151801877e-08
-1.203568372875452042e-02,-6.313238554866984487e-05,-1.630703569389879704e-03,3.201322897439240478e-06,-3.435178659856319427e-04,-3.207444265740377887e-08
-1.180966291576623917e-02,-5.520474951481446624e-05,-1.469826209358870983e-03,8.922329470806289464e-07,-3.096103027928620577e-04,-2.925621700455849350e-08
-1.158791314810514450e-02,-4.825580253964290023e-05,-1.324821263551712036e-03,-1.157056885858764872e-06,-2.790504076983779669e-04,-2.671220045158406720e-08
-1.137035340070724487e-02,-4.216617890051566064e-05,-1.194122713059186935e-03,-2.972186621263972484e-06,-2.515076776035130024e-04,-2.441514723727777891e-08
-1.115690357983112335e-02,-3.683093746076337993e-05,-1.076318905688822269e-03,-4.576329047267790884e-06,-2.266841329401358962e-04,-2.234051343918963539e-08
-1.094748452305793762e-02,-3.215782635379582644e-05,-9.701373637653887272e-04,-5.990424142510164529e-06,-2.043113345280289650e-04,-2.046621894180589152e-08
-1.074201986193656921e-02,-2.806577140290755779e-05,-8.744314545765519142e-04,-7.233394626382505521e-06,-1.841472840169444680e-04,-1.877238098302314029e-08
-1.054043415933847427e-02,-2.448352097417227924e-05,-7.881675846874713898e-04,-8.322336725541390479e-06,-1.659738918533548713e-04,-1.724109743861390598e-08
-1.034265290945768356e-02,-2.134846727130934596e-05,-7.104140822775661945e-04,-9.272697752749081701e-06,-1.495946053182706237e-04,-1.585625852840166772e-08
-1.014860346913337708e-02,-1.860561133071314543e-05,-6.403313018381595612e-04,-1.009842981147812679e-05,-1.348322984995320439e-04,-1.460335852243588306e-08
-9.958215057849884033e-03,-1.620664443180430681e-05,-5.771624273620545864e-04,-1.081213758880039677e-05,-1.215273223351687193e-04,-1.346934208612537986e-08
