2.000000000000000000e+00,-2.000000000000000000e+00,2.000000000000000000e+00,2.000000000000000000e+00,2.000000000000000000e+00,2.000000000000000000e+00
2.000000000000000000e+00,-2.000000000000000000e+00,2.000000000000000000e+00,2.000000000000000000e+00,2.000000000000000000e+00,2.000000000000000000e+00
2.000000000000000000e+00,-2.000000000000000000e+00,2.000000000000000000e+00,2.000000000000000000e+00,2.000000000000000000e+00,2.000000000000000000e+00
2.000000000000000000e+00,-2.000000000000000000e+00,2.000000000000000000e+00,2.000000000000000000e+00,2.000000000000000000e+00,2.000000000000000000e+00
2.000000238418579102e+00,2.000000000000000000e+00,2.000000238418579102e+00,-2.000000000000000000e+00,2.000000238418579102e+00,2.000000238418579102e+00
1.999999523162841797e+00,2.000000000000000000e+00,1.999999523162841797e+00,-2.000000000000000000e+00,1.999999523162841797e+00,1.999999523162841797e+00
2.000000238418579102e+00,2.000000000000000000e+00,2.000000238418579102e+00,-2.000000000000000000e+00,2.000000238418579102e+00,2.000000238418579102e+00
1.999999523162841797e+00,2.000000000000000000e+00,1.999999523162841797e+00,-2.000000000000000000e+00,1.999999523162841797e+00,1.999999523162841797e+00
2.000000953674316406e+00,2.000000000000000000e+00,2.000000953674316406e+00,-2.000000000000000000e+00,2.000000953674316406e+00,2.000000953674316406e+00
-2.000000953674316406e+00,2.000000000000000000e+00,1.999999523162841797e+00,-2.000000000000000000e+00,1.999999523162841797e+00,1.999999523162841797e+00
-1.999999523162841797e+00,2.000000000000000000e+00,1.999999523162841797e+00,-2.000000000000000000e+00,1.999999523162841797e+00,1.999999523162841797e+00
-2.000000238418579102e+00,2.000000000000000000e+00,1.999999523162841797e+00,-2.000000000000000000e+00,1.999999523162841797e+00,1.999999523162841797e+00
-1.999999523162841797e+00,2.000000238418579102e+00,1.999999523162841797e+00,-2.000000238418579102e+00,1.999999523162841797e+00,1.999999523162841797e+00
-2.000000238418579102e+00,1.999999523162841797e+00,2.000000953674316406e+00,-1.999999523162841797e+00,2.000000953674316406e+00,-1.999999523162841797e+00
2.000000238418579102e+00,2.000000238418579102e+00,2.000000953674316406e+00,-2.000000238418579102e+00,2.000000953674316406e+00,-1.999999523162841797e+00
1.999999523162841797e+00,1.999999523162841797e+00,1.999998092651367188e+00,-1.999999523162841797e+00,-2.000000953674316406e+00,-1.999999523162841797e+00
2.000000238418579102e+00,2.000000953674316406e+00,2.000000953674316406e+00,-2.000000953674316406e+00,-2.000000953674316406e+00,-1.999999523162841797e+00
1.999999523162841797e+00,1.999999523162841797e+00,2.000000953674316406e+00,2.000000953674316406e+00,-1.999999523162841797e+00,-2.000000953674316406e+00
2.000000953674316406e+00,1.999999523162841797e+00,1.999998092651367188e+00,1.999999523162841797e+00,-1.999999523162841797e+00,-1.999999523162841797e+00
1.999999523162841797e+00,1.999999523162841797e+00,2.000000953674316406e+00,2.000000238418579102e+00,-1.999999523162841797e+00,-2.000000238418579102e+00
-1.501469373703002930e+00,1.999999523162841797e+00,1.999998092651367188e+00,1.999999523162841797e+00,-1.999999523162841797e+00,-1.999999523162841797e+00
-1.999999523162841797e+00,2.000000953674316406e+00,2.000000953674316406e+00,2.000000238418579102e+00,-2.000000953674316406e+00,-2.000000238418579102e+00
-1.146766543388366699e+00,2.000000953674316406e+00,2.000000953674316406e+00,2.000000000000000000e+00,-1.999999523162841797e+00,-2.000000000000000000e+00
2.000000953674316406e+00,1.999998092651367188e+00,1.999998092651367188e+00,2.000000000000000000e+00,-2.000000238418579102e+00,-2.000000000000000000e+00
1.999999523162841797e+00,2.000000953674316406e+00,2.000000953674316406e+00,2.000000000000000000e+00,-1.999999523162841797e+00,-2.000000000000000000e+00
3.999993205070495605e-01,2.000000953674316406e+00,1.999998092651367188e+00,2.000000000000000000e+00,-2.000000238418579102e+00,-2.000000000000000000e+00
-1.199999451637268066e+00,1.999998092651367188e+00,2.000004053115844727e+00,2.000000000000000000e+00,-2.000000000000000000e+00,-2.000000000000000000e+00
-4.000008106231689453e-01,2.000000953674316406e+00,1.999998092651367188e+00,2.000000000000000000e+00,-2.000000000000000000e+00,-2.000000000000000000e+00
-1.999999523162841797e+00,1.999998092651367188e+00,1.999998092651367188e+00,2.000000000000000000e+00,-2.000000000000000000e+00,-2.000000000000000000e+00
-1.199999451637268066e+00,-1.999998092651367188e+00,2.000004053115844727e+00,2.000000000000000000e+00,-2.000000000000000000e+00,-2.000000000000000000e+00
-1.999999523162841797e+00,-2.000000953674316406e+00,1.999998092651367188e+00,2.000000238418579102e+00,-2.000000000000000000e+00,-2.000000238418579102e+00
1.999999523162841797e+00,-1.999998092651367188e+00,1.999998092651367188e+00,-2.000000238418579102e+00,-2.000000000000000000e+00,-1.999999523162841797e+00
1.999999523162841797e+00,-2.000000953674316406e+00,2.000004053115844727e+00,-2.000000000000000000e+00,-2.000000000000000000e+00,-2.000000238418579102e+00
1.999999523162841797e+00,-2.000000953674316406e+00,1.999998092651367188e+00,-2.000000000000000000e+00,-2.000000000000000000e+00,-1.999999523162841797e+00
2.000000953674316406e+00,-1.999998092651367188e+00,1.999998092651367188e+00,4.000000655651092529e-01,-2.000000238418579102e+00,-2.000000953674316406e+00
1.999999523162841797e+00,-2.000000953674316406e+00,2.000004053115844727e+00,4.000000655651092529e-01,2.000000238418579102e+00,-1.999999523162841797e+00
1.999999523162841797e+00,-2.000000953674316406e+00,1.999998092651367188e+00,-2.000000000000000000e+00,2.000000000000000000e+00,-1.999999523162841797e+00
2.000000953674316406e+00,-1.999999523162841797e+00,-1.999998092651367188e+00,-2.000000000000000000e+00,2.000000000000000000e+00,-1.999999523162841797e+00
1.999998092651367188e+00,-1.999999523162841797e+00,-2.000004053115844727e+00,-2.000000000000000000e+00,2.000000000000000000e+00,-1.999999523162841797e+00
2.000000953674316406e+00,-1.999999523162841797e+00,-1.999998092651367188e+00,-2.000000238418579102e+00,2.000000000000000000e+00,1.999999523162841797e+00
-2.000000953674316406e+00,-1.999999523162841797e+00,-1.999998092651367188e+00,-2.000000000000000000e+00,2.000000000000000000e+00,1.999999523162841797e+00
-1.999998092651367188e+00,-2.000000953674316406e+00,-2.000004053115844727e+00,-7.764987945556640625e-01,2.000000000000000000e+00,1.999999523162841797e+00
-2.000000953674316406e+00,-1.999999523162841797e+00,-1.999998092651367188e+00,8.493121862411499023e-01,2.000000000000000000e+00,1.999999523162841797e+00
-1.999999523162841797e+00,-2.000000238418579102e+00,-1.999998092651367188e+00,7.992684841156005859e-01,1.203265041112899780e-01,2.000000953674316406e+00
-1.999999523162841797e+00,-1.999999523162841797e+00,-2.000004053115844727e+00,7.176715731620788574e-01,-5.161598324775695801e-01,1.999999523162841797e+00
-2.000000953674316406e+00,-2.000000238418579102e+00,-1.999998092651367188e+00,6.609102487564086914e-01,-4.961043596267700195e-01,2.000000238418579102e+00
-1.999999523162841797e+00,-2.000000000000000000e+00,-1.999998092651367188e+00,6.097126603126525879e-01,-4.767510890960693359e-01,1.999999523162841797e+00
-1.999999523162841797e+00,-2.000000000000000000e+00,-2.000004053115844727e+00,5.641374588012695312e-01,-4.580739736557006836e-01,2.000000238418579102e+00
-1.999999523162841797e+00,-2.000000000000000000e+00,-1.999998092651367188e+00,9.022914171218872070e-01,-4.384387135505676270e-01,2.000000000000000000e+00
-2.000000238418579102e+00,-2.000000000000000000e+00,-2.000000953674316406e+00,4.527701437473297119e-01,-4.228349924087524414e-01,2.000000000000000000e+00
-2.000000238418579102e+00,-4.330452084541320801e-01,-1.999998092651367188e+00,3.855676352977752686e-01,-3.885425627231597900e-01,2.000000000000000000e+00
-2.000000238418579102e+00,-2.509905025362968445e-02,-2.000000953674316406e+00,3.322798907756805420e-01,-3.598304390907287598e-01,2.000000000000000000e+00
-1.999999523162841797e+00,-2.845954149961471558e-02,-2.000000953674316406e+00,5.012067556381225586e-01,-3.429109156131744385e-01,3.332675201818346977e-03
-2.000000238418579102e+00,-3.358442336320877075e-02,-1.999998092651367188e+00,5.520350337028503418e-01,-3.276510238647460938e-01,-2.178978320444002748e-04
-2.000000000000000000e+00,-3.720908612012863159e-02,-2.000000953674316406e+00,5.072065591812133789e-01,-3.133162856101989746e-01,-1.977765350602567196e-04
-1.846982717514038086e+00,-4.003685712814331055e-02,-1.999998092651367188e+00,4.553297460079193115e-01,-2.996974587440490723e-01,-1.782556937541812658e-04
-9.631013274192810059e-01,-4.099100083112716675e-02,-2.000000953674316406e+00,1.852352172136306763e-01,-2.876925170421600342e-01,-1.890088315121829510e-04
-4.376841783523559570e-01,-4.167538136243820190e-02,-2.000000953674316406e+00,-4.349872469902038574e-02,-2.758747935295104980e-01,-2.245722571387887001e-04
-1.918669790029525757e-01,-4.273387789726257324e-02,-1.999998092651367188e+00,-1.410178840160369873e-01,-2.641302049160003662e-01,-2.308144757989794016e-04
-7.701031863689422607e-02,-4.381318390369415283e-02,-2.000000953674316406e+00,-1.756742596626281738e-01,-2.527021467685699463e-01,-2.225759089924395084e-04
-2.340041100978851318e-02,-4.476215690374374390e-02,-2.000000953674316406e+00,-1.819379627704620361e-01,-2.416903674602508545e-01,-2.085875166812911630e-04
1.550465822219848633e-03,-4.553692415356636047e-02,-1.999999523162841797e+00,-1.758428215980529785e-01,-2.311285436153411865e-01,-1.928533456521108747e-04
1.308098435401916504e-02,-4.613967612385749817e-02,-1.999999523162841797e+00,-1.647928655147552490e-01,-2.210204750299453735e-01,-1.771545648807659745e-04
1.831818372011184692e-02,-4.658987745642662048e-02,-1.999999523162841797e+00,-1.521713137626647949e-01,-2.113566696643829346e-01,-1.622429408598691225e-04
2.059806138277053833e-02,-4.691211506724357605e-02,-1.999999523162841797e+00,-1.394906938076019287e-01,-2.021218687295913696e-01,-1.483971573179587722e-04
2.148244529962539673e-02,-4.713069647550582886e-02,-2.000000953674316406e+00,-1.273955255746841431e-01,-1.932990700006484985e-01,-1.356813299935311079e-04
2.170428633689880371e-02,-4.726760089397430420e-02,-1.999999523162841797e+00,-1.161310821771621704e-01,-1.848703324794769287e-01,-1.240659476025030017e-04
2.160686999559402466e-02,-4.734173417091369629e-02,-2.000000238418579102e+00,-1.057605296373367310e-01,-1.768182069063186646e-01,-1.134830672526732087e-04
2.135336399078369141e-02,-4.736911505460739136e-02,-1.999999523162841797e+00,-9.626774489879608154e-02,-1.691257655620574951e-01,-1.038523769238963723e-04
2.102032303810119629e-02,-4.736278206110000610e-02,-2.000000238418579102e+00,-8.760289847850799561e-02,-1.617765128612518311e-01,-9.509199298918247223e-05
2.064537256956100464e-02,-4.733353853225708008e-02,-2.000000000000000000e+00,-7.970496267080307007e-02,-1.547550857067108154e-01,-8.712377166375517845e-05
2.024676650762557983e-02,-4.729013890027999878e-02,-2.000000000000000000e+00,-7.251062989234924316e-02,-1.480461955070495605e-01,-7.987509889062494040e-05
1.983437687158584595e-02,-4.723938181996345520e-02,-2.000000000000000000e+00,-6.595943123102188110e-02,-1.416362822055816650e-01,-7.327937782974913716e-05
1.941304653882980347e-02,-4.718657582998275757e-02,-2.000000000000000000e+00,-5.999449640512466431e-02,-1.355111598968505859e-01,-6.727578875143080950e-05
1.898650079965591431e-02,-4.713600501418113708e-02,-2.000000000000000000e+00,-5.456353724002838135e-02,-1.296579837799072266e-01,-6.180929631227627397e-05
-4.717227220535278320e-01,-4.524942487478256226e-02,-2.000000000000000000e+00,-1.330364495515823364e-01,-1.239936798810958862e-01,-1.214338844874873757e-04
-6.634965538978576660e-02,-4.914198070764541626e-02,-2.000000000000000000e+00,5.842091143131256104e-02,-1.186247915029525757e-01,2.527633569116005674e-06
-6.204098463058471680e-03,-4.713218659162521362e-02,-2.000000000000000000e+00,-2.263775095343589783e-02,-1.135613769292831421e-01,-4.166791404713876545e-05
1.833960413932800293e-02,-4.701931029558181763e-02,-2.000000238418579102e+00,-3.209812566637992859e-02,-1.087181270122528076e-01,-4.179194002063013613e-05
2.904254943132400513e-02,-4.698000848293304443e-02,-1.999999523162841797e+00,-3.413497656583786011e-02,-1.040685921907424927e-01,-3.987894524470902979e-05
3.345124423503875732e-02,-4.697125405073165894e-02,-2.000000238418579102e+00,-3.327624872326850891e-02,-9.961426258087158203e-02,-3.741856926353648305e-05
3.512147814035415649e-02,-3.708582371473312378e-02,-1.352384686470031738e+00,-3.075020015239715576e-02,-7.085092365741729736e-02,-3.147051756968721747e-05
4.071686416864395142e-02,1.432551145553588867e-01,1.168373227119445801e+00,-2.025964111089706421e-02,2.453379333019256592e-01,1.631158374948427081e-05
4.608165472745895386e-02,1.897309869527816772e-01,1.376427650451660156e+00,-1.835171133279800415e-02,2.910088896751403809e-01,2.508859324734658003e-05
4.797875881195068359e-02,1.725159585475921631e-01,1.262684941291809082e+00,-1.773885451257228851e-02,2.670217156410217285e-01,2.298147592227905989e-05
4.833023995161056519e-02,1.525443047285079956e-01,1.139556646347045898e+00,-1.658863574266433716e-02,2.409622073173522949e-01,2.059284815913997591e-05
4.799980670213699341e-02,1.345673501491546631e-01,1.027154207229614258e+00,-1.525203697383403778e-02,2.171715795993804932e-01,1.847539533628150821e-05
4.753582179546356201e-02,1.186697781085968018e-01,9.257502555847167969e-01,-1.378732267767190933e-02,1.957124173641204834e-01,1.662598333496134728e-05
4.676543176174163818e-02,1.046355813741683960e-01,8.343517780303955078e-01,-1.270184293389320374e-02,1.763720065355300903e-01,1.491887360316468403e-05
4.585273563861846924e-02,9.224712848663330078e-02,7.519781589508056641e-01,-1.148221828043460846e-02,1.589446365833282471e-01,1.342289124295348302e-05
4.497654736042022705e-02,8.131460845470428467e-02,6.777379512786865234e-01,-1.037331484258174896e-02,1.432397365570068359e-01,1.208475168823497370e-05
4.412475973367691040e-02,7.166834175586700439e-02,6.108291149139404297e-01,-9.374273940920829773e-03,1.290870904922485352e-01,1.087933014787267894e-05
4.329215735197067261e-02,6.315838545560836792e-02,5.505260229110717773e-01,-8.472345769405364990e-03,1.163332760334014893e-01,9.793842764338478446e-06
4.247594624757766724e-02,5.565192550420761108e-02,4.961777329444885254e-01,-7.657165639102458954e-03,1.048400104045867920e-01,8.816596164251677692e-06
4.167463630437850952e-02,4.903152585029602051e-02,4.471954107284545898e-01,-6.920000538229942322e-03,9.448248893022537231e-02,7.936898327898234129e-06
4.088804125785827637e-02,4.319339245557785034e-02,4.030495882034301758e-01,-6.253208033740520477e-03,8.514854311943054199e-02,7.145069957914529368e-06
4.011560231447219849e-02,3.804571554064750671e-02,3.632623553276062012e-01,-5.650019738823175430e-03,7.673697173595428467e-02,6.432338523154612631e-06
3.935713320970535278e-02,3.350749611854553223e-02,3.274034857749938965e-01,-5.104357842355966568e-03,6.915652006864547729e-02,5.790820978290867060e-06
3.861226141452789307e-02,2.950702235102653503e-02,2.950850725173950195e-01,-4.610739648342132568e-03,6.232513114809989929e-02,5.213396889303112403e-06
3.788135945796966553e-02,2.598099038004875183e-02,2.659572362899780273e-01,-4.164219833910465240e-03,5.616871640086174011e-02,4.693663413490867242e-06
3.716368228197097778e-02,2.287353947758674622e-02,2.397054731845855713e-01,-3.760328516364097595e-03,5.062054842710494995e-02,4.225850716466084123e-06
3.645960241556167603e-02,2.013527601957321167e-02,2.160450518131256104e-01,-3.395014209672808647e-03,4.562060534954071045e-02,3.804771495197201148e-06
3.576837480068206787e-02,1.772263832390308380e-02,1.947207450866699219e-01,-3.064612857997417450e-03,4.111453890800476074e-02,3.425756858632666990e-06
3.509018570184707642e-02,1.559713855385780334e-02,1.755015850067138672e-01,-2.765806857496500015e-03,3.705367073416709900e-02,3.084596755797974765e-06
3.442466259002685547e-02,1.372481882572174072e-02,1.581795513629913330e-01,-2.495590830221772194e-03,3.339399024844169617e-02,2.777511554086231627e-06
3.377180546522140503e-02,1.207570917904376984e-02,1.425676047801971436e-01,-2.251248341053724289e-03,3.009582869708538055e-02,2.501096332707675174e-06
3.313142806291580200e-02,1.062336377799510956e-02,1.284968107938766479e-01,-2.030315343290567398e-03,2.712348848581314087e-02,2.252279728054418229e-06
3.250278532505035400e-02,9.344460442662239075e-03,1.158149912953376770e-01,-1.830565510317683220e-03,2.444472536444664001e-02,2.028309609158895910e-06
3.188643604516983032e-02,8.218409493565559387e-03,1.043849587440490723e-01,-1.649982063099741936e-03,2.203057520091533661e-02,1.826701691243215464e-06
3.128182142972946167e-02,7.227063179016113281e-03,9.408323466777801514e-02,-1.486736466176807880e-03,1.985491253435611725e-02,1.645220436330419034e-06
3.068856894969940186e-02,6.354405079036951065e-03,8.479826897382736206e-02,-1.339180045761168003e-03,1.789411716163158417e-02,1.481852450524456799e-06
3.010649234056472778e-02,5.586314480751752853e-03,7.642987370491027832e-02,-1.205814653076231480e-03,1.612701453268527985e-02,1.334792841589660384e-06
2.953596413135528564e-02,4.910351708531379700e-03,6.888736784458160400e-02,-1.085287658497691154e-03,1.453444175422191620e-02,1.202407474920619279e-06
2.897595986723899841e-02,4.315527621656656265e-03,6.208941340446472168e-02,-9.763738489709794521e-04,1.309915632009506226e-02,1.083232291421154514e-06
2.842685207724571228e-02,3.792176721617579460e-03,5.596228688955307007e-02,-8.779632626101374626e-04,1.180563122034072876e-02,9.759475005921558477e-07
2.788817510008811951e-02,3.331762738525867462e-03,5.044001340866088867e-02,-7.890546694397926331e-04,1.063986588269472122e-02,8.793641654847306199e-07
2.735983580350875854e-02,2.926772926002740860e-03,4.546265304088592529e-02,-7.087393896654248238e-04,9.589228779077529907e-03,7.924136298242956400e-07
2.684164792299270630e-02,2.570581156760454178e-03,4.097658768296241760e-02,-6.361955311149358749e-04,8.642347529530525208e-03,7.141338187466317322e-07
2.633333206176757812e-02,2.257349900901317596e-03,3.693325072526931763e-02,-5.706797237507998943e-04,7.788976654410362244e-03,6.436593480430019554e-07
2.583470195531845093e-02,1.981933135539293289e-03,3.328889235854148865e-02,-5.115205422043800354e-04,7.019890472292900085e-03,5.802086207040701993e-07
2.534575760364532471e-02,1.739800791256129742e-03,3.000423312187194824e-02,-4.581082903314381838e-04,6.326753646135330200e-03,5.230813258094713092e-07
2.486612647771835327e-02,1.526962965726852417e-03,2.704372256994247437e-02,-4.098930803593248129e-04,5.702057387679815292e-03,4.716458192888239864e-07
2.439562231302261353e-02,1.339899608865380287e-03,2.437534183263778687e-02,-3.663768293336033821e-04,5.139055661857128143e-03,4.253344343396747718e-07
2.393415197730064392e-02,1.175517565570771694e-03,2.197029441595077515e-02,-3.271086025051772594e-04,4.631650634109973907e-03,3.836330506601370871e-07
2.348152920603752136e-02,1.031086081638932228e-03,1.980256102979183197e-02,-2.916812663897871971e-04,4.174347966909408569e-03,3.460843913671851624e-07
2.303756773471832275e-02,9.042065357789397240e-04,1.784875057637691498e-02,-2.597258426249027252e-04,3.762205597013235092e-03,3.122718226222787052e-07
2.260208129882812500e-02,7.927636033855378628e-04,1.608773693442344666e-02,-2.309089904883876443e-04,3.390756435692310333e-03,2.818225652845285367e-07
2.217497676610946655e-02,6.948946975171566010e-04,1.450049504637718201e-02,-2.049289760179817677e-04,3.055989509448409081e-03,2.544016410865879152e-07
2.175597473978996277e-02,6.089623784646391869e-04,1.306985504925251007e-02,-1.815129799069836736e-04,2.754272893071174622e-03,2.297053214306288282e-07
2.134498208761215210e-02,5.335241439752280712e-04,1.178038120269775391e-02,-1.604142453288659453e-04,2.482354408130049706e-03,2.074633869142417097e-07
2.094190567731857300e-02,4.673111252486705780e-04,1.061815395951271057e-02,-1.414095168001949787e-04,2.237279899418354034e-03,1.874294497383743874e-07
2.054646611213684082e-02,4.092055023647844791e-04,9.570591151714324951e-03,-1.242970465682446957e-04,2.016405109316110611e-03,1.693837958782751230e-07
2.015857025980949402e-02,3.582250501494854689e-04,8.626386523246765137e-03,-1.088942080968990922e-04,1.817339216358959675e-03,1.531283544409234310e-07
1.977812498807907104e-02,3.135053557343780994e-04,7.775350473821163177e-03,-9.503609908279031515e-05,1.637928653508424759e-03,1.384838981266511837e-07
1.940494403243064880e-02,2.742855867836624384e-04,7.008277811110019684e-03,-8.257320587290450931e-05,1.476230681873857975e-03,1.252900005965784658e-07
1.903884112834930420e-02,2.398966898908838630e-04,6.316887214779853821e-03,-7.137077773222699761e-05,1.330497674643993378e-03,1.134016400783366407e-07
